,date,depth_cm,year,month,day,month_day,winter,day_of_winter
0,2008-11-01,0.0,2008,11,1,11-1,2008-2009,1
1,2008-11-02,0.0,2008,11,2,11-2,2008-2009,2
2,2008-11-03,0.0,2008,11,3,11-3,2008-2009,3
3,2008-11-04,0.0,2008,11,4,11-4,2008-2009,4
4,2008-11-05,0.0,2008,11,5,11-5,2008-2009,5
5,2008-11-06,0.0,2008,11,6,11-6,2008-2009,6
6,2008-11-07,0.0,2008,11,7,11-7,2008-2009,7
7,2008-11-08,0.0,2008,11,8,11-8,2008-2009,8
8,2008-11-09,0.0,2008,11,9,11-9,2008-2009,9
9,2008-11-10,0.0,2008,11,10,11-10,2008-2009,10
10,2008-11-11,0.0,2008,11,11,11-11,2008-2009,11
11,2008-11-12,0.0,2008,11,12,11-12,2008-2009,12
12,2008-11-13,0.0,2008,11,13,11-13,2008-2009,13
13,2008-11-14,0.0,2008,11,14,11-14,2008-2009,14
14,2008-11-15,0.0,2008,11,15,11-15,2008-2009,15
15,2008-11-16,0.0,2008,11,16,11-16,2008-2009,16
16,2008-11-17,0.0,2008,11,17,11-17,2008-2009,17
17,2008-11-18,0.0,2008,11,18,11-18,2008-2009,18
18,2008-11-19,10.0,2008,11,19,11-19,2008-2009,19
19,2008-11-20,10.0,2008,11,20,11-20,2008-2009,20
20,2008-11-21,10.0,2008,11,21,11-21,2008-2009,21
21,2008-11-22,10.0,2008,11,22,11-22,2008-2009,22
22,2008-11-23,12.0,2008,11,23,11-23,2008-2009,23
23,2008-11-24,10.0,2008,11,24,11-24,2008-2009,24
24,2008-11-25,38.0,2008,11,25,11-25,2008-2009,25
25,2008-11-26,65.0,2008,11,26,11-26,2008-2009,26
26,2008-11-27,38.0,2008,11,27,11-27,2008-2009,27
27,2008-11-28,38.0,2008,11,28,11-28,2008-2009,28
28,2008-11-29,65.0,2008,11,29,11-29,2008-2009,29
29,2008-11-30,63.0,2008,11,30,11-30,2008-2009,30
30,2008-12-01,60.0,2008,12,1,12-1,2008-2009,31
31,2008-12-02,60.0,2008,12,2,12-2,2008-2009,32
32,2008-12-03,60.0,2008,12,3,12-3,2008-2009,33
33,2008-12-04,58.0,2008,12,4,12-4,2008-2009,34
34,2008-12-05,56.0,2008,12,5,12-5,2008-2009,35
35,2008-12-06,57.0,2008,12,6,12-6,2008-2009,36
36,2008-12-07,57.0,2008,12,7,12-7,2008-2009,37
37,2008-12-08,58.0,2008,12,8,12-8,2008-2009,38
38,2008-12-09,58.0,2008,12,9,12-9,2008-2009,39
39,2008-12-10,54.0,2008,12,10,12-10,2008-2009,40
40,2008-12-11,51.0,2008,12,11,12-11,2008-2009,41
41,2008-12-12,68.0,2008,12,12,12-12,2008-2009,42
42,2008-12-13,63.0,2008,12,13,12-13,2008-2009,43
43,2008-12-14,63.0,2008,12,14,12-14,2008-2009,44
44,2008-12-16,59.0,2008,12,16,12-16,2008-2009,46
45,2008-12-17,63.0,2008,12,17,12-17,2008-2009,47
46,2008-12-18,72.0,2008,12,18,12-18,2008-2009,48
47,2008-12-19,78.0,2008,12,19,12-19,2008-2009,49
48,2008-12-20,95.0,2008,12,20,12-20,2008-2009,50
49,2008-12-21,94.0,2008,12,21,12-21,2008-2009,51
50,2008-12-22,125.0,2008,12,22,12-22,2008-2009,52
51,2008-12-23,123.0,2008,12,23,12-23,2008-2009,53
52,2008-12-24,125.0,2008,12,24,12-24,2008-2009,54
53,2008-12-25,111.0,2008,12,25,12-25,2008-2009,55
54,2008-12-26,110.0,2008,12,26,12-26,2008-2009,56
55,2008-12-27,105.0,2008,12,27,12-27,2008-2009,57
56,2008-12-28,85.0,2008,12,28,12-28,2008-2009,58
57,2008-12-29,73.0,2008,12,29,12-29,2008-2009,59
58,2008-12-30,76.0,2008,12,30,12-30,2008-2009,60
59,2008-12-31,83.0,2008,12,31,12-31,2008-2009,61
60,2009-01-01,80.0,2009,1,1,1-1,2008-2009,62
61,2009-01-02,78.0,2009,1,2,1-2,2008-2009,63
62,2009-01-03,83.0,2009,1,3,1-3,2008-2009,64
63,2009-01-04,81.0,2009,1,4,1-4,2008-2009,65
64,2009-01-05,83.0,2009,1,5,1-5,2008-2009,66
65,2009-01-06,85.0,2009,1,6,1-6,2008-2009,67
66,2009-01-07,89.0,2009,1,7,1-7,2008-2009,68
67,2009-01-08,95.0,2009,1,8,1-8,2008-2009,69
68,2009-01-09,98.0,2009,1,9,1-9,2008-2009,70
69,2009-01-10,98.0,2009,1,10,1-10,2008-2009,71
70,2009-01-11,106.0,2009,1,11,1-11,2008-2009,72
71,2009-01-12,112.0,2009,1,12,1-12,2008-2009,73
72,2009-01-13,113.0,2009,1,13,1-13,2008-2009,74
73,2009-01-14,115.0,2009,1,14,1-14,2008-2009,75
74,2009-01-15,114.0,2009,1,15,1-15,2008-2009,76
75,2009-01-16,114.0,2009,1,16,1-16,2008-2009,77
76,2009-01-17,106.0,2009,1,17,1-17,2008-2009,78
77,2009-01-18,108.0,2009,1,18,1-18,2008-2009,79
78,2009-01-19,133.0,2009,1,19,1-19,2008-2009,80
79,2009-01-20,132.0,2009,1,20,1-20,2008-2009,81
80,2009-01-21,129.0,2009,1,21,1-21,2008-2009,82
81,2009-01-22,123.0,2009,1,22,1-22,2008-2009,83
82,2009-01-23,120.0,2009,1,23,1-23,2008-2009,84
83,2009-01-24,118.0,2009,1,24,1-24,2008-2009,85
84,2009-01-25,115.0,2009,1,25,1-25,2008-2009,86
85,2009-01-26,114.0,2009,1,26,1-26,2008-2009,87
86,2009-01-27,114.0,2009,1,27,1-27,2008-2009,88
87,2009-01-28,113.0,2009,1,28,1-28,2008-2009,89
88,2009-01-29,150.0,2009,1,29,1-29,2008-2009,90
89,2009-01-30,148.0,2009,1,30,1-30,2008-2009,91
90,2009-01-31,152.0,2009,1,31,1-31,2008-2009,92
91,2009-02-01,147.0,2009,2,1,2-1,2008-2009,93
92,2009-02-02,143.0,2009,2,2,2-2,2008-2009,94
93,2009-02-03,140.0,2009,2,3,2-3,2008-2009,95
94,2009-02-04,139.0,2009,2,4,2-4,2008-2009,96
95,2009-02-05,138.0,2009,2,5,2-5,2008-2009,97
96,2009-02-06,136.0,2009,2,6,2-6,2008-2009,98
97,2009-02-07,135.0,2009,2,7,2-7,2008-2009,99
98,2009-02-08,132.0,2009,2,8,2-8,2008-2009,100
99,2009-02-09,135.0,2009,2,9,2-9,2008-2009,101
100,2009-02-10,135.0,2009,2,10,2-10,2008-2009,102
101,2009-02-11,130.0,2009,2,11,2-11,2008-2009,103
102,2009-02-12,126.0,2009,2,12,2-12,2008-2009,104
103,2009-02-13,134.0,2009,2,13,2-13,2008-2009,105
104,2009-02-14,135.0,2009,2,14,2-14,2008-2009,106
105,2009-02-15,134.0,2009,2,15,2-15,2008-2009,107
106,2009-02-16,133.0,2009,2,16,2-16,2008-2009,108
107,2009-02-17,134.0,2009,2,17,2-17,2008-2009,109
108,2009-02-18,133.0,2009,2,18,2-18,2008-2009,110
109,2009-02-19,155.0,2009,2,19,2-19,2008-2009,111
110,2009-02-20,180.0,2009,2,20,2-20,2008-2009,112
111,2009-02-21,175.0,2009,2,21,2-21,2008-2009,113
112,2009-02-22,173.0,2009,2,22,2-22,2008-2009,114
113,2009-02-23,218.0,2009,2,23,2-23,2008-2009,115
114,2009-02-24,216.0,2009,2,24,2-24,2008-2009,116
115,2009-02-25,208.0,2009,2,25,2-25,2008-2009,117
116,2009-02-26,203.0,2009,2,26,2-26,2008-2009,118
117,2009-02-27,198.0,2009,2,27,2-27,2008-2009,119
118,2009-02-28,190.0,2009,2,28,2-28,2008-2009,120
119,2009-03-01,188.0,2009,3,1,3-1,2008-2009,121
120,2009-03-02,191.0,2009,3,2,3-2,2008-2009,122
121,2009-03-03,196.0,2009,3,3,3-3,2008-2009,123
122,2009-03-04,193.0,2009,3,4,3-4,2008-2009,124
123,2009-03-05,191.0,2009,3,5,3-5,2008-2009,125
124,2009-03-06,189.0,2009,3,6,3-6,2008-2009,126
125,2009-03-07,180.0,2009,3,7,3-7,2008-2009,127
126,2009-03-08,180.0,2009,3,8,3-8,2008-2009,128
127,2009-03-09,177.0,2009,3,9,3-9,2008-2009,129
128,2009-03-10,179.0,2009,3,10,3-10,2008-2009,130
129,2009-03-11,178.0,2009,3,11,3-11,2008-2009,131
130,2009-03-12,178.0,2009,3,12,3-12,2008-2009,132
131,2009-03-13,178.0,2009,3,13,3-13,2008-2009,133
132,2009-03-14,178.0,2009,3,14,3-14,2008-2009,134
133,2009-03-15,178.0,2009,3,15,3-15,2008-2009,135
134,2009-03-16,177.0,2009,3,16,3-16,2008-2009,136
135,2009-03-17,176.0,2009,3,17,3-17,2008-2009,137
136,2009-03-18,175.0,2009,3,18,3-18,2008-2009,138
137,2009-03-19,173.0,2009,3,19,3-19,2008-2009,139
138,2009-03-20,170.0,2009,3,20,3-20,2008-2009,140
139,2009-03-21,170.0,2009,3,21,3-21,2008-2009,141
140,2009-03-22,170.0,2009,3,22,3-22,2008-2009,142
141,2009-03-23,174.0,2009,3,23,3-23,2008-2009,143
142,2009-03-24,169.0,2009,3,24,3-24,2008-2009,144
143,2009-03-25,167.0,2009,3,25,3-25,2008-2009,145
144,2009-03-26,164.0,2009,3,26,3-26,2008-2009,146
145,2009-03-27,162.0,2009,3,27,3-27,2008-2009,147
146,2009-03-28,160.0,2009,3,28,3-28,2008-2009,148
147,2009-03-29,158.0,2009,3,29,3-29,2008-2009,149
148,2009-03-30,156.0,2009,3,30,3-30,2008-2009,150
149,2009-03-31,158.0,2009,3,31,3-31,2008-2009,151
150,2009-04-01,157.0,2009,4,1,4-1,2008-2009,152
151,2009-04-02,154.0,2009,4,2,4-2,2008-2009,153
152,2009-04-03,151.0,2009,4,3,4-3,2008-2009,154
153,2009-04-04,144.0,2009,4,4,4-4,2008-2009,155
154,2009-04-05,140.0,2009,4,5,4-5,2008-2009,156
155,2009-04-06,138.0,2009,4,6,4-6,2008-2009,157
156,2009-04-07,142.0,2009,4,7,4-7,2008-2009,158
157,2009-04-08,142.0,2009,4,8,4-8,2008-2009,159
158,2009-04-09,142.0,2009,4,9,4-9,2008-2009,160
159,2009-04-10,141.0,2009,4,10,4-10,2008-2009,161
160,2009-04-11,141.0,2009,4,11,4-11,2008-2009,162
161,2009-04-12,138.0,2009,4,12,4-12,2008-2009,163
162,2009-04-13,138.0,2009,4,13,4-13,2008-2009,164
163,2009-04-14,137.0,2009,4,14,4-14,2008-2009,165
164,2009-04-15,135.0,2009,4,15,4-15,2008-2009,166
165,2009-04-16,132.0,2009,4,16,4-16,2008-2009,167
166,2009-04-17,129.0,2009,4,17,4-17,2008-2009,168
167,2009-04-18,125.0,2009,4,18,4-18,2008-2009,169
168,2009-04-19,123.0,2009,4,19,4-19,2008-2009,170
169,2009-04-20,118.0,2009,4,20,4-20,2008-2009,171
170,2009-04-21,121.0,2009,4,21,4-21,2008-2009,172
171,2009-04-22,118.0,2009,4,22,4-22,2008-2009,173
172,2009-04-23,122.0,2009,4,23,4-23,2008-2009,174
173,2009-04-24,130.0,2009,4,24,4-24,2008-2009,175
174,2009-04-25,118.0,2009,4,25,4-25,2008-2009,176
175,2009-04-26,108.0,2009,4,26,4-26,2008-2009,177
176,2009-04-27,99.0,2009,4,27,4-27,2008-2009,178
177,2009-04-28,90.0,2009,4,28,4-28,2008-2009,179
178,2009-04-29,80.0,2009,4,29,4-29,2008-2009,180
179,2009-04-30,77.0,2009,4,30,4-30,2008-2009,181
180,2009-05-01,71.0,2009,5,1,5-1,2008-2009,182
181,2009-05-02,65.0,2009,5,2,5-2,2008-2009,183
182,2009-05-03,58.0,2009,5,3,5-3,2008-2009,184
183,2009-05-04,55.0,2009,5,4,5-4,2008-2009,185
184,2009-05-05,53.0,2009,5,5,5-5,2008-2009,186
185,2009-05-06,44.0,2009,5,6,5-6,2008-2009,187
186,2009-05-07,45.0,2009,5,7,5-7,2008-2009,188
187,2009-05-08,38.0,2009,5,8,5-8,2008-2009,189
188,2009-05-09,32.0,2009,5,9,5-9,2008-2009,190
189,2009-05-10,27.0,2009,5,10,5-10,2008-2009,191
190,2009-05-11,25.0,2009,5,11,5-11,2008-2009,192
191,2009-05-12,21.0,2009,5,12,5-12,2008-2009,193
192,2009-05-13,17.0,2009,5,13,5-13,2008-2009,194
193,2009-05-14,12.0,2009,5,14,5-14,2008-2009,195
194,2009-05-15,8.0,2009,5,15,5-15,2008-2009,196
195,2009-05-16,0.0,2009,5,16,5-16,2008-2009,197
196,2009-05-17,0.0,2009,5,17,5-17,2008-2009,198
197,2009-05-18,0.0,2009,5,18,5-18,2008-2009,199
198,2009-05-19,0.0,2009,5,19,5-19,2008-2009,200
199,2009-05-20,0.0,2009,5,20,5-20,2008-2009,201
200,2009-05-21,0.0,2009,5,21,5-21,2008-2009,202
201,2009-05-22,0.0,2009,5,22,5-22,2008-2009,203
202,2009-05-23,0.0,2009,5,23,5-23,2008-2009,204
203,2009-05-24,0.0,2009,5,24,5-24,2008-2009,205
204,2009-12-01,33.0,2009,12,1,12-1,2009-2010,31
205,2009-12-02,31.0,2009,12,2,12-2,2009-2010,32
206,2009-12-03,26.0,2009,12,3,12-3,2009-2010,33
207,2009-12-04,21.0,2009,12,4,12-4,2009-2010,34
208,2009-12-05,19.0,2009,12,5,12-5,2009-2010,35
209,2009-12-06,29.0,2009,12,6,12-6,2009-2010,36
210,2009-12-07,29.0,2009,12,7,12-7,2009-2010,37
211,2009-12-08,31.0,2009,12,8,12-8,2009-2010,38
212,2009-12-09,30.0,2009,12,9,12-9,2009-2010,39
213,2009-12-10,60.0,2009,12,10,12-10,2009-2010,40
214,2009-12-11,78.0,2009,12,11,12-11,2009-2010,41
215,2009-12-12,88.0,2009,12,12,12-12,2009-2010,42
216,2009-12-13,81.0,2009,12,13,12-13,2009-2010,43
217,2009-12-14,88.0,2009,12,14,12-14,2009-2010,44
218,2009-12-15,86.0,2009,12,15,12-15,2009-2010,45
219,2009-12-16,86.0,2009,12,16,12-16,2009-2010,46
220,2009-12-17,84.0,2009,12,17,12-17,2009-2010,47
221,2009-12-18,82.0,2009,12,18,12-18,2009-2010,48
222,2009-12-19,79.0,2009,12,19,12-19,2009-2010,49
223,2009-12-20,77.0,2009,12,20,12-20,2009-2010,50
224,2009-12-21,75.0,2009,12,21,12-21,2009-2010,51
225,2009-12-22,72.0,2009,12,22,12-22,2009-2010,52
226,2009-12-23,71.0,2009,12,23,12-23,2009-2010,53
227,2009-12-24,71.0,2009,12,24,12-24,2009-2010,54
228,2009-12-25,71.0,2009,12,25,12-25,2009-2010,55
229,2009-12-26,71.0,2009,12,26,12-26,2009-2010,56
230,2009-12-27,82.0,2009,12,27,12-27,2009-2010,57
231,2009-12-28,81.0,2009,12,28,12-28,2009-2010,58
232,2009-12-29,98.0,2009,12,29,12-29,2009-2010,59
233,2009-12-30,99.0,2009,12,30,12-30,2009-2010,60
234,2009-12-31,98.0,2009,12,31,12-31,2009-2010,61
235,2010-01-01,98.0,2010,1,1,1-1,2009-2010,62
236,2010-01-02,103.0,2010,1,2,1-2,2009-2010,63
237,2010-01-03,125.0,2010,1,3,1-3,2009-2010,64
238,2010-01-04,121.0,2010,1,4,1-4,2009-2010,65
239,2010-01-05,114.0,2010,1,5,1-5,2009-2010,66
240,2010-01-06,111.0,2010,1,6,1-6,2009-2010,67
241,2010-01-07,108.0,2010,1,7,1-7,2009-2010,68
242,2010-01-08,106.0,2010,1,8,1-8,2009-2010,69
243,2010-01-09,104.0,2010,1,9,1-9,2009-2010,70
244,2010-01-10,104.0,2010,1,10,1-10,2009-2010,71
245,2010-01-11,103.0,2010,1,11,1-11,2009-2010,72
246,2010-01-12,100.0,2010,1,12,1-12,2009-2010,73
247,2010-01-13,100.0,2010,1,13,1-13,2009-2010,74
248,2010-01-14,99.0,2010,1,14,1-14,2009-2010,75
249,2010-01-15,97.0,2010,1,15,1-15,2009-2010,76
250,2010-01-16,97.0,2010,1,16,1-16,2009-2010,77
251,2010-01-17,96.0,2010,1,17,1-17,2009-2010,78
252,2010-01-18,106.0,2010,1,18,1-18,2009-2010,79
253,2010-01-19,108.0,2010,1,19,1-19,2009-2010,80
254,2010-01-20,110.0,2010,1,20,1-20,2009-2010,81
255,2010-01-21,112.0,2010,1,21,1-21,2009-2010,82
256,2010-01-22,108.0,2010,1,22,1-22,2009-2010,83
257,2010-01-23,107.0,2010,1,23,1-23,2009-2010,84
258,2010-01-23,108.0,2010,1,23,1-23,2009-2010,84
259,2010-01-26,88.0,2010,1,26,1-26,2009-2010,87
260,2010-01-27,88.0,2010,1,27,1-27,2009-2010,88
261,2010-01-28,88.0,2010,1,28,1-28,2009-2010,89
262,2010-01-29,100.0,2010,1,29,1-29,2009-2010,90
263,2010-01-30,100.0,2010,1,30,1-30,2009-2010,91
264,2010-01-31,99.0,2010,1,31,1-31,2009-2010,92
265,2010-02-01,100.0,2010,2,1,2-1,2009-2010,93
266,2010-02-03,96.0,2010,2,3,2-3,2009-2010,95
267,2010-02-04,104.0,2010,2,4,2-4,2009-2010,96
268,2010-02-05,100.0,2010,2,5,2-5,2009-2010,97
269,2010-02-06,100.0,2010,2,6,2-6,2009-2010,98
270,2010-02-07,100.0,2010,2,7,2-7,2009-2010,99
271,2010-02-08,100.0,2010,2,8,2-8,2009-2010,100
272,2010-02-09,99.0,2010,2,9,2-9,2009-2010,101
273,2010-02-10,99.0,2010,2,10,2-10,2009-2010,102
274,2010-02-11,100.0,2010,2,11,2-11,2009-2010,103
275,2010-02-12,100.0,2010,2,12,2-12,2009-2010,104
276,2010-02-13,99.0,2010,2,13,2-13,2009-2010,105
277,2010-02-14,98.0,2010,2,14,2-14,2009-2010,106
278,2010-02-15,97.0,2010,2,15,2-15,2009-2010,107
279,2010-02-16,95.0,2010,2,16,2-16,2009-2010,108
280,2010-02-17,96.0,2010,2,17,2-17,2009-2010,109
281,2010-02-18,96.0,2010,2,18,2-18,2009-2010,110
282,2010-02-19,96.0,2010,2,19,2-19,2009-2010,111
283,2010-02-20,97.0,2010,2,20,2-20,2009-2010,112
284,2010-02-21,98.0,2010,2,21,2-21,2009-2010,113
285,2010-02-22,100.0,2010,2,22,2-22,2009-2010,114
286,2010-02-23,100.0,2010,2,23,2-23,2009-2010,115
287,2010-02-24,105.0,2010,2,24,2-24,2009-2010,116
288,2010-02-25,137.0,2010,2,25,2-25,2009-2010,117
289,2010-02-26,162.0,2010,2,26,2-26,2009-2010,118
290,2010-02-27,179.0,2010,2,27,2-27,2009-2010,119
291,2010-02-28,198.0,2010,2,28,2-28,2009-2010,120
292,2010-03-01,207.0,2010,3,1,3-1,2009-2010,121
293,2010-03-02,206.0,2010,3,2,3-2,2009-2010,122
294,2010-03-03,200.0,2010,3,3,3-3,2009-2010,123
295,2010-03-04,197.0,2010,3,4,3-4,2009-2010,124
296,2010-03-05,194.0,2010,3,5,3-5,2009-2010,125
297,2010-03-06,192.0,2010,3,6,3-6,2009-2010,126
298,2010-03-07,192.0,2010,3,7,3-7,2009-2010,127
299,2010-03-08,185.0,2010,3,8,3-8,2009-2010,128
300,2010-03-09,180.0,2010,3,9,3-9,2009-2010,129
301,2010-03-10,179.0,2010,3,10,3-10,2009-2010,130
302,2010-03-11,175.0,2010,3,11,3-11,2009-2010,131
303,2010-03-12,173.0,2010,3,12,3-12,2009-2010,132
304,2010-03-13,160.0,2010,3,13,3-13,2009-2010,133
305,2010-03-14,160.0,2010,3,14,3-14,2009-2010,134
306,2010-03-15,197.0,2010,3,15,3-15,2009-2010,135
307,2010-03-16,198.0,2010,3,16,3-16,2009-2010,136
308,2010-03-17,194.0,2010,3,17,3-17,2009-2010,137
309,2010-03-18,191.0,2010,3,18,3-18,2009-2010,138
310,2010-03-19,186.0,2010,3,19,3-19,2009-2010,139
311,2010-03-20,181.0,2010,3,20,3-20,2009-2010,140
312,2010-03-21,178.0,2010,3,21,3-21,2009-2010,141
313,2010-03-22,172.0,2010,3,22,3-22,2009-2010,142
314,2010-03-23,166.0,2010,3,23,3-23,2009-2010,143
315,2010-03-24,162.0,2010,3,24,3-24,2009-2010,144
316,2010-03-25,173.0,2010,3,25,3-25,2009-2010,145
317,2010-03-27,175.0,2010,3,27,3-27,2009-2010,147
318,2010-03-28,173.0,2010,3,28,3-28,2009-2010,148
319,2010-03-29,187.0,2010,3,29,3-29,2009-2010,149
320,2010-03-30,180.0,2010,3,30,3-30,2009-2010,150
321,2010-03-31,174.0,2010,3,31,3-31,2009-2010,151
322,2010-04-01,170.0,2010,4,1,4-1,2009-2010,152
323,2010-04-01,170.0,2010,4,1,4-1,2009-2010,152
324,2010-04-02,166.0,2010,4,2,4-2,2009-2010,153
325,2010-04-03,159.0,2010,4,3,4-3,2009-2010,154
326,2010-04-04,149.0,2010,4,4,4-4,2009-2010,155
327,2010-04-05,142.0,2010,4,5,4-5,2009-2010,156
328,2010-04-06,142.0,2010,4,6,4-6,2009-2010,157
329,2010-04-07,134.0,2010,4,7,4-7,2009-2010,158
330,2010-04-08,130.0,2010,4,8,4-8,2009-2010,159
331,2010-04-09,120.0,2010,4,9,4-9,2009-2010,160
332,2010-04-10,120.0,2010,4,10,4-10,2009-2010,161
333,2010-04-11,120.0,2010,4,11,4-11,2009-2010,162
334,2010-04-12,120.0,2010,4,12,4-12,2009-2010,163
335,2010-04-13,120.0,2010,4,13,4-13,2009-2010,164
336,2010-04-14,118.0,2010,4,14,4-14,2009-2010,165
337,2010-04-15,115.0,2010,4,15,4-15,2009-2010,166
338,2010-04-16,115.0,2010,4,16,4-16,2009-2010,167
339,2010-04-17,132.0,2010,4,17,4-17,2009-2010,168
340,2010-04-18,134.0,2010,4,18,4-18,2009-2010,169
341,2010-04-19,138.0,2010,4,19,4-19,2009-2010,170
342,2010-04-20,127.0,2010,4,20,4-20,2009-2010,171
343,2010-04-21,118.0,2010,4,21,4-21,2009-2010,172
344,2010-04-22,112.0,2010,4,22,4-22,2009-2010,173
345,2010-04-23,108.0,2010,4,23,4-23,2009-2010,174
346,2010-04-24,108.0,2010,4,24,4-24,2009-2010,175
347,2010-04-25,105.0,2010,4,25,4-25,2009-2010,176
348,2010-04-26,100.0,2010,4,26,4-26,2009-2010,177
349,2010-04-27,97.0,2010,4,27,4-27,2009-2010,178
350,2010-04-28,138.0,2010,4,28,4-28,2009-2010,179
351,2010-04-29,145.0,2010,4,29,4-29,2009-2010,180
352,2010-04-30,145.0,2010,4,30,4-30,2009-2010,181
353,2010-05-01,130.0,2010,5,1,5-1,2009-2010,182
354,2010-05-02,107.0,2010,5,2,5-2,2009-2010,183
355,2010-05-03,94.0,2010,5,3,5-3,2009-2010,184
356,2010-05-04,86.0,2010,5,4,5-4,2009-2010,185
357,2010-05-05,75.0,2010,5,5,5-5,2009-2010,186
358,2010-05-06,71.0,2010,5,6,5-6,2009-2010,187
359,2010-05-07,70.0,2010,5,7,5-7,2009-2010,188
360,2010-05-08,65.0,2010,5,8,5-8,2009-2010,189
361,2010-05-09,63.0,2010,5,9,5-9,2009-2010,190
362,2010-05-10,70.0,2010,5,10,5-10,2009-2010,191
363,2010-05-10,0.0,2010,5,10,5-10,2009-2010,191
364,2010-05-11,70.0,2010,5,11,5-11,2009-2010,192
365,2010-05-12,63.0,2010,5,12,5-12,2009-2010,193
366,2010-05-13,60.0,2010,5,13,5-13,2009-2010,194
367,2010-05-14,55.0,2010,5,14,5-14,2009-2010,195
368,2010-05-15,47.0,2010,5,15,5-15,2009-2010,196
369,2010-05-16,43.0,2010,5,16,5-16,2009-2010,197
370,2010-05-17,0.0,2010,5,17,5-17,2009-2010,198
371,2010-05-18,0.0,2010,5,18,5-18,2009-2010,199
372,2010-05-20,0.0,2010,5,20,5-20,2009-2010,201
373,2010-05-21,0.0,2010,5,21,5-21,2009-2010,202
374,2010-05-22,0.0,2010,5,22,5-22,2009-2010,203
375,2010-05-23,0.0,2010,5,23,5-23,2009-2010,204
376,2010-05-24,0.0,2010,5,24,5-24,2009-2010,205
377,2010-05-25,0.0,2010,5,25,5-25,2009-2010,206
378,2010-05-26,0.0,2010,5,26,5-26,2009-2010,207
379,2010-05-27,0.0,2010,5,27,5-27,2009-2010,208
380,2010-05-28,0.0,2010,5,28,5-28,2009-2010,209
381,2011-11-23,25.0,2011,11,23,11-23,2011-2012,23
382,2011-11-24,53.0,2011,11,24,11-24,2011-2012,24
383,2011-11-25,38.0,2011,11,25,11-25,2011-2012,25
384,2011-11-26,35.0,2011,11,26,11-26,2011-2012,26
385,2011-11-27,23.0,2011,11,27,11-27,2011-2012,27
386,2011-11-28,18.0,2011,11,28,11-28,2011-2012,28
387,2011-11-29,0.0,2011,11,29,11-29,2011-2012,29
388,2011-11-30,0.0,2011,11,30,11-30,2011-2012,30
389,2011-12-01,0.0,2011,12,1,12-1,2011-2012,31
390,2011-12-02,0.0,2011,12,2,12-2,2011-2012,32
391,2011-12-03,1.0,2011,12,3,12-3,2011-2012,33
392,2011-12-04,0.0,2011,12,4,12-4,2011-2012,34
393,2011-12-05,0.0,2011,12,5,12-5,2011-2012,35
394,2011-12-06,0.0,2011,12,6,12-6,2011-2012,36
395,2011-12-07,0.0,2011,12,7,12-7,2011-2012,37
396,2011-12-08,8.0,2011,12,8,12-8,2011-2012,38
397,2011-12-09,9.0,2011,12,9,12-9,2011-2012,39
398,2011-12-10,10.0,2011,12,10,12-10,2011-2012,40
399,2011-12-11,10.0,2011,12,11,12-11,2011-2012,41
400,2011-12-12,8.0,2011,12,12,12-12,2011-2012,42
401,2011-12-13,8.0,2011,12,13,12-13,2011-2012,43
402,2011-12-14,10.0,2011,12,14,12-14,2011-2012,44
403,2011-12-15,15.0,2011,12,15,12-15,2011-2012,45
404,2011-12-16,15.0,2011,12,16,12-16,2011-2012,46
405,2011-12-17,21.0,2011,12,17,12-17,2011-2012,47
406,2011-12-18,19.0,2011,12,18,12-18,2011-2012,48
407,2011-12-19,19.0,2011,12,19,12-19,2011-2012,49
408,2012-01-01,38.0,2012,1,1,1-1,2011-2012,61
409,2012-01-02,44.0,2012,1,2,1-2,2011-2012,62
410,2012-01-03,52.0,2012,1,3,1-3,2011-2012,63
411,2012-01-04,50.0,2012,1,4,1-4,2011-2012,64
412,2012-01-05,50.0,2012,1,5,1-5,2011-2012,65
413,2012-01-06,52.0,2012,1,6,1-6,2011-2012,66
414,2012-01-07,50.0,2012,1,7,1-7,2011-2012,67
415,2012-01-08,50.0,2012,1,8,1-8,2011-2012,68
416,2012-01-09,50.0,2012,1,9,1-9,2011-2012,69
417,2012-01-10,50.0,2012,1,10,1-10,2011-2012,70
418,2012-01-11,50.0,2012,1,11,1-11,2011-2012,71
419,2012-01-12,50.0,2012,1,12,1-12,2011-2012,72
420,2012-01-13,69.0,2012,1,13,1-13,2011-2012,73
421,2012-01-14,80.0,2012,1,14,1-14,2011-2012,74
422,2012-01-15,78.0,2012,1,15,1-15,2011-2012,75
423,2012-01-16,75.0,2012,1,16,1-16,2011-2012,76
424,2012-01-17,75.0,2012,1,17,1-17,2011-2012,77
425,2012-01-18,72.0,2012,1,18,1-18,2011-2012,78
426,2012-01-19,72.0,2012,1,19,1-19,2011-2012,79
427,2012-01-20,88.0,2012,1,20,1-20,2011-2012,80
428,2012-01-21,85.0,2012,1,21,1-21,2011-2012,81
429,2012-01-22,85.0,2012,1,22,1-22,2011-2012,82
430,2012-01-23,84.0,2012,1,23,1-23,2011-2012,83
431,2012-01-24,80.0,2012,1,24,1-24,2011-2012,84
432,2012-01-25,70.0,2012,1,25,1-25,2011-2012,85
433,2012-01-26,70.0,2012,1,26,1-26,2011-2012,86
434,2012-01-27,80.0,2012,1,27,1-27,2011-2012,87
435,2012-01-28,85.0,2012,1,28,1-28,2011-2012,88
436,2012-01-29,85.0,2012,1,29,1-29,2011-2012,89
437,2012-01-30,90.0,2012,1,30,1-30,2011-2012,90
438,2012-01-31,90.0,2012,1,31,1-31,2011-2012,91
439,2012-02-01,95.0,2012,2,1,2-1,2011-2012,92
440,2012-02-02,90.0,2012,2,2,2-2,2011-2012,93
441,2012-02-03,90.0,2012,2,3,2-3,2011-2012,94
442,2012-02-04,90.0,2012,2,4,2-4,2011-2012,95
443,2012-02-05,90.0,2012,2,5,2-5,2011-2012,96
444,2012-02-06,90.0,2012,2,6,2-6,2011-2012,97
445,2012-02-07,90.0,2012,2,7,2-7,2011-2012,98
446,2012-02-08,91.0,2012,2,8,2-8,2011-2012,99
447,2012-02-09,90.0,2012,2,9,2-9,2011-2012,100
448,2012-02-10,88.0,2012,2,10,2-10,2011-2012,101
449,2012-02-11,89.0,2012,2,11,2-11,2011-2012,102
450,2012-02-12,91.0,2012,2,12,2-12,2011-2012,103
451,2012-02-13,90.0,2012,2,13,2-13,2011-2012,104
452,2012-02-14,89.0,2012,2,14,2-14,2011-2012,105
453,2012-02-15,89.0,2012,2,15,2-15,2011-2012,106
454,2012-02-16,90.0,2012,2,16,2-16,2011-2012,107
455,2012-02-17,92.0,2012,2,17,2-17,2011-2012,108
456,2012-02-18,96.0,2012,2,18,2-18,2011-2012,109
457,2012-02-19,96.0,2012,2,19,2-19,2011-2012,110
458,2012-02-20,95.0,2012,2,20,2-20,2011-2012,111
459,2012-02-21,93.0,2012,2,21,2-21,2011-2012,112
460,2012-02-22,93.0,2012,2,22,2-22,2011-2012,113
461,2012-02-23,95.0,2012,2,23,2-23,2011-2012,114
462,2012-02-24,96.0,2012,2,24,2-24,2011-2012,115
463,2012-02-25,120.0,2012,2,25,2-25,2011-2012,116
464,2012-02-26,135.0,2012,2,26,2-26,2011-2012,117
465,2012-02-27,130.0,2012,2,27,2-27,2011-2012,118
466,2012-02-28,130.0,2012,2,28,2-28,2011-2012,119
467,2012-02-29,126.0,2012,2,29,2-29,2011-2012,120
468,2012-03-01,133.0,2012,3,1,3-1,2011-2012,121
469,2012-03-02,150.0,2012,3,2,3-2,2011-2012,122
470,2012-03-03,152.0,2012,3,3,3-3,2011-2012,123
471,2012-03-04,147.0,2012,3,4,3-4,2011-2012,124
472,2012-03-05,155.0,2012,3,5,3-5,2011-2012,125
473,2012-03-06,153.0,2012,3,6,3-6,2011-2012,126
474,2012-03-07,150.0,2012,3,7,3-7,2011-2012,127
475,2012-03-08,145.0,2012,3,8,3-8,2011-2012,128
476,2012-03-09,130.0,2012,3,9,3-9,2011-2012,129
477,2012-03-10,135.0,2012,3,10,3-10,2011-2012,130
478,2012-03-11,134.0,2012,3,11,3-11,2011-2012,131
479,2012-03-12,129.0,2012,3,12,3-12,2011-2012,132
480,2012-03-13,127.0,2012,3,13,3-13,2011-2012,133
481,2012-04-01,68.0,2012,4,1,4-1,2011-2012,152
482,2012-04-02,75.0,2012,4,2,4-2,2011-2012,153
483,2012-04-03,70.0,2012,4,3,4-3,2011-2012,154
484,2012-04-04,68.0,2012,4,4,4-4,2011-2012,155
485,2012-04-05,69.0,2012,4,5,4-5,2011-2012,156
486,2012-04-06,69.0,2012,4,6,4-6,2011-2012,157
487,2012-04-07,69.0,2012,4,7,4-7,2011-2012,158
488,2012-04-08,70.0,2012,4,8,4-8,2011-2012,159
489,2012-04-09,85.0,2012,4,9,4-9,2011-2012,160
490,2012-04-10,110.0,2012,4,10,4-10,2011-2012,161
491,2012-04-11,110.0,2012,4,11,4-11,2011-2012,162
492,2012-04-12,110.0,2012,4,12,4-12,2011-2012,163
493,2012-04-13,110.0,2012,4,13,4-13,2011-2012,164
494,2012-04-14,105.0,2012,4,14,4-14,2011-2012,165
495,2012-04-15,94.0,2012,4,15,4-15,2011-2012,166
496,2012-04-16,82.0,2012,4,16,4-16,2011-2012,167
497,2012-04-17,68.0,2012,4,17,4-17,2011-2012,168
498,2012-04-18,60.0,2012,4,18,4-18,2011-2012,169
499,2012-04-19,58.0,2012,4,19,4-19,2011-2012,170
500,2012-04-20,55.0,2012,4,20,4-20,2011-2012,171
501,2012-04-21,50.0,2012,4,21,4-21,2011-2012,172
502,2012-04-22,35.0,2012,4,22,4-22,2011-2012,173
503,2012-04-23,35.0,2012,4,23,4-23,2011-2012,174
504,2012-04-24,25.0,2012,4,24,4-24,2011-2012,175
505,2012-04-25,23.0,2012,4,25,4-25,2011-2012,176
506,2012-04-26,0.0,2012,4,26,4-26,2011-2012,177
507,2012-04-27,0.0,2012,4,27,4-27,2011-2012,178
508,2018-01-20,86.0,2018,1,20,1-20,2017-2018,81
509,2018-01-21,86.0,2018,1,21,1-21,2017-2018,82
510,2018-01-22,86.0,2018,1,22,1-22,2017-2018,83
511,2018-01-23,89.0,2018,1,23,1-23,2017-2018,84
512,2018-01-24,91.0,2018,1,24,1-24,2017-2018,85
513,2018-01-25,90.0,2018,1,25,1-25,2017-2018,86
514,2018-01-26,90.0,2018,1,26,1-26,2017-2018,87
515,2018-01-27,90.0,2018,1,27,1-27,2017-2018,88
516,2018-01-28,90.0,2018,1,28,1-28,2017-2018,89
517,2018-01-29,90.0,2018,1,29,1-29,2017-2018,90
518,2018-01-30,90.0,2018,1,30,1-30,2017-2018,91
519,2018-01-31,90.0,2018,1,31,1-31,2017-2018,92
520,2018-02-01,90.0,2018,2,1,2-1,2017-2018,93
521,2018-02-02,96.0,2018,2,2,2-2,2017-2018,94
522,2018-02-03,95.0,2018,2,3,2-3,2017-2018,95
523,2018-02-04,95.0,2018,2,4,2-4,2017-2018,96
524,2018-02-05,111.0,2018,2,5,2-5,2017-2018,97
525,2018-02-06,115.0,2018,2,6,2-6,2017-2018,98
526,2018-02-07,115.0,2018,2,7,2-7,2017-2018,99
527,2018-02-08,134.0,2018,2,8,2-8,2017-2018,100
528,2018-02-09,131.0,2018,2,9,2-9,2017-2018,101
529,2018-02-10,133.0,2018,2,10,2-10,2017-2018,102
530,2018-02-11,130.0,2018,2,11,2-11,2017-2018,103
531,2018-02-12,123.0,2018,2,12,2-12,2017-2018,104
532,2018-02-13,123.0,2018,2,13,2-13,2017-2018,105
533,2018-02-14,121.0,2018,2,14,2-14,2017-2018,106
534,2018-02-15,121.0,2018,2,15,2-15,2017-2018,107
535,2018-02-16,118.0,2018,2,16,2-16,2017-2018,108
536,2018-02-17,120.0,2018,2,17,2-17,2017-2018,109
537,2018-02-18,125.0,2018,2,18,2-18,2017-2018,110
538,2018-02-19,124.0,2018,2,19,2-19,2017-2018,111
539,2018-02-20,116.0,2018,2,20,2-20,2017-2018,112
540,2018-02-21,100.0,2018,2,21,2-21,2017-2018,113
541,2018-02-22,90.0,2018,2,22,2-22,2017-2018,114
542,2018-02-23,90.0,2018,2,23,2-23,2017-2018,115
543,2018-02-24,92.0,2018,2,24,2-24,2017-2018,116
544,2018-02-25,92.0,2018,2,25,2-25,2017-2018,117
545,2018-02-26,100.0,2018,2,26,2-26,2017-2018,118
546,2018-02-27,100.0,2018,2,27,2-27,2017-2018,119
547,2018-02-28,100.0,2018,2,28,2-28,2017-2018,120
548,2018-03-01,99.0,2018,3,1,3-1,2017-2018,121
549,2018-03-02,100.0,2018,3,2,3-2,2017-2018,122
550,2018-03-02,0.0,2018,3,2,3-2,2017-2018,122
551,2018-03-03,106.0,2018,3,3,3-3,2017-2018,123
552,2018-03-04,105.0,2018,3,4,3-4,2017-2018,124
553,2018-03-05,110.0,2018,3,5,3-5,2017-2018,125
554,2018-03-06,109.0,2018,3,6,3-6,2017-2018,126
555,2018-03-07,107.0,2018,3,7,3-7,2017-2018,127
556,2018-03-08,127.0,2018,3,8,3-8,2017-2018,128
557,2018-03-09,136.0,2018,3,9,3-9,2017-2018,129
558,2018-03-10,142.0,2018,3,10,3-10,2017-2018,130
559,2018-03-11,165.0,2018,3,11,3-11,2017-2018,131
560,2018-03-12,158.0,2018,3,12,3-12,2017-2018,132
561,2018-03-13,153.0,2018,3,13,3-13,2017-2018,133
562,2018-03-14,189.0,2018,3,14,3-14,2017-2018,134
563,2018-03-15,204.0,2018,3,15,3-15,2017-2018,135
564,2018-03-16,201.0,2018,3,16,3-16,2017-2018,136
565,2018-03-17,195.0,2018,3,17,3-17,2017-2018,137
566,2018-03-18,197.0,2018,3,18,3-18,2017-2018,138
567,2018-03-19,184.0,2018,3,19,3-19,2017-2018,139
568,2018-03-20,179.0,2018,3,20,3-20,2017-2018,140
569,2018-03-21,175.0,2018,3,21,3-21,2017-2018,141
570,2018-03-22,173.0,2018,3,22,3-22,2017-2018,142
571,2018-03-23,170.0,2018,3,23,3-23,2017-2018,143
572,2018-03-24,168.0,2018,3,24,3-24,2017-2018,144
573,2018-03-25,172.0,2018,3,25,3-25,2017-2018,145
574,2018-03-26,169.0,2018,3,26,3-26,2017-2018,146
575,2018-03-27,165.0,2018,3,27,3-27,2017-2018,147
576,2018-03-28,162.0,2018,3,28,3-28,2017-2018,148
577,2018-03-29,159.0,2018,3,29,3-29,2017-2018,149
578,2018-03-30,151.0,2018,3,30,3-30,2017-2018,150
579,2018-03-31,145.0,2018,3,31,3-31,2017-2018,151
580,2018-04-01,144.0,2018,4,1,4-1,2017-2018,152
581,2018-04-02,144.0,2018,4,2,4-2,2017-2018,153
582,2018-04-03,144.0,2018,4,3,4-3,2017-2018,154
583,2018-04-04,144.0,2018,4,4,4-4,2017-2018,155
584,2018-04-05,142.0,2018,4,5,4-5,2017-2018,156
585,2018-04-06,142.0,2018,4,6,4-6,2017-2018,157
586,2018-04-07,160.0,2018,4,7,4-7,2017-2018,158
587,2018-04-08,159.0,2018,4,8,4-8,2017-2018,159
588,2018-04-09,164.0,2018,4,9,4-9,2017-2018,160
589,2018-04-10,159.0,2018,4,10,4-10,2017-2018,161
590,2018-04-11,167.0,2018,4,11,4-11,2017-2018,162
591,2018-04-12,165.0,2018,4,12,4-12,2017-2018,163
592,2018-04-13,159.0,2018,4,13,4-13,2017-2018,164
593,2018-04-14,150.0,2018,4,14,4-14,2017-2018,165
594,2018-04-15,150.0,2018,4,15,4-15,2017-2018,166
595,2018-04-16,152.0,2018,4,16,4-16,2017-2018,167
596,2018-04-17,159.0,2018,4,17,4-17,2017-2018,168
597,2018-04-18,164.0,2018,4,18,4-18,2017-2018,169
598,2018-04-19,163.0,2018,4,19,4-19,2017-2018,170
599,2018-04-20,178.0,2018,4,20,4-20,2017-2018,171
600,2018-04-21,182.0,2018,4,21,4-21,2017-2018,172
601,2018-04-22,177.0,2018,4,22,4-22,2017-2018,173
602,2018-04-23,173.0,2018,4,23,4-23,2017-2018,174
603,2018-04-24,166.0,2018,4,24,4-24,2017-2018,175
604,2018-04-25,158.0,2018,4,25,4-25,2017-2018,176
605,2018-04-26,152.0,2018,4,26,4-26,2017-2018,177
606,2018-04-26,150.0,2018,4,26,4-26,2017-2018,177
607,2018-04-27,148.0,2018,4,27,4-27,2017-2018,178
608,2018-04-28,145.0,2018,4,28,4-28,2017-2018,179
609,2018-04-29,140.0,2018,4,29,4-29,2017-2018,180
610,2018-04-30,142.0,2018,4,30,4-30,2017-2018,181
611,2018-05-01,140.0,2018,5,1,5-1,2017-2018,182
612,2018-05-02,135.0,2018,5,2,5-2,2017-2018,183
613,2018-05-03,119.0,2018,5,3,5-3,2017-2018,184
614,2018-05-04,107.0,2018,5,4,5-4,2017-2018,185
615,2018-05-05,100.0,2018,5,5,5-5,2017-2018,186
616,2018-05-06,92.0,2018,5,6,5-6,2017-2018,187
617,2018-05-07,86.0,2018,5,7,5-7,2017-2018,188
618,2018-05-08,82.0,2018,5,8,5-8,2017-2018,189
619,2018-05-09,76.0,2018,5,9,5-9,2017-2018,190
620,2018-05-10,70.0,2018,5,10,5-10,2017-2018,191
621,2018-05-11,63.0,2018,5,11,5-11,2017-2018,192
622,2018-05-12,61.0,2018,5,12,5-12,2017-2018,193
623,2018-05-13,60.0,2018,5,13,5-13,2017-2018,194
624,2018-05-14,45.0,2018,5,14,5-14,2017-2018,195
625,2018-05-15,40.0,2018,5,15,5-15,2017-2018,196
626,2018-05-15,0.0,2018,5,15,5-15,2017-2018,196
627,2018-05-16,30.0,2018,5,16,5-16,2017-2018,197
628,2018-05-17,20.0,2018,5,17,5-17,2017-2018,198
629,2018-05-18,12.0,2018,5,18,5-18,2017-2018,199
630,2018-05-19,12.0,2018,5,19,5-19,2017-2018,200
631,2018-05-20,0.0,2018,5,20,5-20,2017-2018,201
632,2018-05-21,0.0,2018,5,21,5-21,2017-2018,202
633,2018-05-22,0.0,2018,5,22,5-22,2017-2018,203
634,2018-05-23,0.0,2018,5,23,5-23,2017-2018,204
635,2018-05-26,0.0,2018,5,26,5-26,2017-2018,207
636,2018-05-27,0.0,2018,5,27,5-27,2017-2018,208
637,2018-05-28,0.0,2018,5,28,5-28,2017-2018,209
638,2018-05-29,0.0,2018,5,29,5-29,2017-2018,210
639,2018-05-30,0.0,2018,5,30,5-30,2017-2018,211
640,2018-11-18,75.0,2018,11,18,11-18,2018-2019,18
641,2018-11-19,75.0,2018,11,19,11-19,2018-2019,19
642,2018-11-20,73.0,2018,11,20,11-20,2018-2019,20
643,2018-11-21,79.0,2018,11,21,11-21,2018-2019,21
644,2018-11-22,93.0,2018,11,22,11-22,2018-2019,22
645,2018-11-23,92.0,2018,11,23,11-23,2018-2019,23
646,2018-11-24,87.0,2018,11,24,11-24,2018-2019,24
647,2018-11-25,82.0,2018,11,25,11-25,2018-2019,25
648,2018-11-26,80.0,2018,11,26,11-26,2018-2019,26
649,2018-11-27,0.0,2018,11,27,11-27,2018-2019,27
650,2018-11-28,121.0,2018,11,28,11-28,2018-2019,28
651,2018-11-29,123.0,2018,11,29,11-29,2018-2019,29
652,2018-11-30,118.0,2018,11,30,11-30,2018-2019,30
653,2018-12-01,115.0,2018,12,1,12-1,2018-2019,31
654,2018-12-02,114.0,2018,12,2,12-2,2018-2019,32
655,2018-12-03,109.0,2018,12,3,12-3,2018-2019,33
656,2018-12-04,110.0,2018,12,4,12-4,2018-2019,34
657,2018-12-05,107.0,2018,12,5,12-5,2018-2019,35
658,2018-12-06,109.0,2018,12,6,12-6,2018-2019,36
659,2018-12-07,118.0,2018,12,7,12-7,2018-2019,37
660,2018-12-08,118.0,2018,12,8,12-8,2018-2019,38
661,2018-12-09,115.0,2018,12,9,12-9,2018-2019,39
662,2018-12-10,113.0,2018,12,10,12-10,2018-2019,40
663,2018-12-11,109.0,2018,12,11,12-11,2018-2019,41
664,2018-12-12,110.0,2018,12,12,12-12,2018-2019,42
665,2018-12-13,110.0,2018,12,13,12-13,2018-2019,43
666,2018-12-14,108.0,2018,12,14,12-14,2018-2019,44
667,2018-12-15,108.0,2018,12,15,12-15,2018-2019,45
668,2018-12-16,106.0,2018,12,16,12-16,2018-2019,46
669,2018-12-17,108.0,2018,12,17,12-17,2018-2019,47
670,2018-12-18,118.0,2018,12,18,12-18,2018-2019,48
671,2018-12-19,115.0,2018,12,19,12-19,2018-2019,49
672,2018-12-20,113.0,2018,12,20,12-20,2018-2019,50
673,2018-12-21,108.0,2018,12,21,12-21,2018-2019,51
674,2018-12-22,90.0,2018,12,22,12-22,2018-2019,52
675,2018-12-23,88.0,2018,12,23,12-23,2018-2019,53
676,2018-12-24,86.0,2018,12,24,12-24,2018-2019,54
677,2018-12-25,90.0,2018,12,25,12-25,2018-2019,55
678,2018-12-26,90.0,2018,12,26,12-26,2018-2019,56
679,2018-12-27,91.0,2018,12,27,12-27,2018-2019,57
680,2018-12-28,91.0,2018,12,28,12-28,2018-2019,58
681,2018-12-29,92.0,2018,12,29,12-29,2018-2019,59
682,2018-12-30,91.0,2018,12,30,12-30,2018-2019,60
683,2018-12-31,91.0,2018,12,31,12-31,2018-2019,61
684,2019-01-01,101.0,2019,1,1,1-1,2018-2019,62
685,2019-01-02,103.0,2019,1,2,1-2,2018-2019,63
686,2019-01-03,112.0,2019,1,3,1-3,2018-2019,64
687,2019-01-04,116.0,2019,1,4,1-4,2018-2019,65
688,2019-01-05,114.0,2019,1,5,1-5,2018-2019,66
689,2019-01-06,112.0,2019,1,6,1-6,2018-2019,67
690,2019-01-07,122.0,2019,1,7,1-7,2018-2019,68
691,2019-01-08,120.0,2019,1,8,1-8,2018-2019,69
692,2019-01-09,126.0,2019,1,9,1-9,2018-2019,70
693,2019-01-10,150.0,2019,1,10,1-10,2018-2019,71
694,2019-01-11,160.0,2019,1,11,1-11,2018-2019,72
695,2019-01-12,155.0,2019,1,12,1-12,2018-2019,73
696,2019-01-13,154.0,2019,1,13,1-13,2018-2019,74
697,2019-01-14,151.0,2019,1,14,1-14,2018-2019,75
698,2019-01-15,148.0,2019,1,15,1-15,2018-2019,76
699,2019-01-16,148.0,2019,1,16,1-16,2018-2019,77
700,2019-01-17,147.0,2019,1,17,1-17,2018-2019,78
701,2019-01-18,145.0,2019,1,18,1-18,2018-2019,79
702,2019-01-19,145.0,2019,1,19,1-19,2018-2019,80
703,2019-01-20,158.0,2019,1,20,1-20,2018-2019,81
704,2019-01-21,175.0,2019,1,21,1-21,2018-2019,82
705,2019-01-22,172.0,2019,1,22,1-22,2018-2019,83
706,2019-01-23,169.0,2019,1,23,1-23,2018-2019,84
707,2019-01-24,163.0,2019,1,24,1-24,2018-2019,85
708,2019-01-25,155.0,2019,1,25,1-25,2018-2019,86
709,2019-01-26,158.0,2019,1,26,1-26,2018-2019,87
710,2019-01-27,155.0,2019,1,27,1-27,2018-2019,88
711,2019-01-28,170.0,2019,1,28,1-28,2018-2019,89
712,2019-01-29,167.0,2019,1,29,1-29,2018-2019,90
713,2019-01-30,189.0,2019,1,30,1-30,2018-2019,91
714,2019-01-31,188.0,2019,1,31,1-31,2018-2019,92
715,2019-02-01,184.0,2019,2,1,2-1,2018-2019,93
716,2019-02-02,180.0,2019,2,2,2-2,2018-2019,94
717,2019-02-03,180.0,2019,2,3,2-3,2018-2019,95
718,2019-02-04,179.0,2019,2,4,2-4,2018-2019,96
719,2019-02-05,171.0,2019,2,5,2-5,2018-2019,97
720,2019-02-06,168.0,2019,2,6,2-6,2018-2019,98
721,2019-02-07,169.0,2019,2,7,2-7,2018-2019,99
722,2019-02-08,165.0,2019,2,8,2-8,2018-2019,100
723,2019-02-09,164.0,2019,2,9,2-9,2018-2019,101
724,2019-02-10,164.0,2019,2,10,2-10,2018-2019,102
725,2019-02-11,164.0,2019,2,11,2-11,2018-2019,103
726,2019-02-12,164.0,2019,2,12,2-12,2018-2019,104
727,2019-02-13,187.0,2019,2,13,2-13,2018-2019,105
728,2019-02-14,196.0,2019,2,14,2-14,2018-2019,106
729,2019-02-15,195.0,2019,2,15,2-15,2018-2019,107
730,2019-02-16,205.0,2019,2,16,2-16,2018-2019,108
731,2019-02-17,204.0,2019,2,17,2-17,2018-2019,109
732,2019-02-18,201.0,2019,2,18,2-18,2018-2019,110
733,2019-02-19,206.0,2019,2,19,2-19,2018-2019,111
734,2019-02-19,206.0,2019,2,19,2-19,2018-2019,111
735,2019-02-20,201.0,2019,2,20,2-20,2018-2019,112
736,2019-02-21,204.0,2019,2,21,2-21,2018-2019,113
737,2019-02-22,209.0,2019,2,22,2-22,2018-2019,114
738,2019-02-23,206.0,2019,2,23,2-23,2018-2019,115
739,2019-02-24,203.0,2019,2,24,2-24,2018-2019,116
740,2019-02-25,227.0,2019,2,25,2-25,2018-2019,117
741,2019-02-26,234.0,2019,2,26,2-26,2018-2019,118
742,2019-02-27,230.0,2019,2,27,2-27,2018-2019,119
743,2019-02-28,229.0,2019,2,28,2-28,2018-2019,120
744,2019-03-01,227.0,2019,3,1,3-1,2018-2019,121
745,2019-03-02,225.0,2019,3,2,3-2,2018-2019,122
746,2019-03-03,226.0,2019,3,3,3-3,2018-2019,123
747,2019-03-04,228.0,2019,3,4,3-4,2018-2019,124
748,2019-03-05,230.0,2019,3,5,3-5,2018-2019,125
749,2019-03-06,231.0,2019,3,6,3-6,2018-2019,126
750,2019-03-07,230.0,2019,3,7,3-7,2018-2019,127
751,2019-03-08,225.0,2019,3,8,3-8,2018-2019,128
752,2019-03-09,223.0,2019,3,9,3-9,2018-2019,129
753,2019-03-10,220.0,2019,3,10,3-10,2018-2019,130
754,2019-03-11,230.0,2019,3,11,3-11,2018-2019,131
755,2019-03-12,237.0,2019,3,12,3-12,2018-2019,132
756,2019-03-13,235.0,2019,3,13,3-13,2018-2019,133
757,2019-03-14,234.0,2019,3,14,3-14,2018-2019,134
758,2019-03-15,225.0,2019,3,15,3-15,2018-2019,135
759,2019-03-16,215.0,2019,3,16,3-16,2018-2019,136
760,2019-03-17,218.0,2019,3,17,3-17,2018-2019,137
761,2019-03-18,216.0,2019,3,18,3-18,2018-2019,138
762,2019-03-19,215.0,2019,3,19,3-19,2018-2019,139
763,2019-03-20,214.0,2019,3,20,3-20,2018-2019,140
764,2019-03-21,213.0,2019,3,21,3-21,2018-2019,141
765,2019-03-22,213.0,2019,3,22,3-22,2018-2019,142
766,2019-03-23,253.0,2019,3,23,3-23,2018-2019,143
767,2019-03-24,250.0,2019,3,24,3-24,2018-2019,144
768,2019-03-25,249.0,2019,3,25,3-25,2018-2019,145
769,2019-03-26,245.0,2019,3,26,3-26,2018-2019,146
770,2019-03-27,243.0,2019,3,27,3-27,2018-2019,147
771,2019-03-28,240.0,2019,3,28,3-28,2018-2019,148
772,2019-03-29,238.0,2019,3,29,3-29,2018-2019,149
773,2019-03-30,234.0,2019,3,30,3-30,2018-2019,150
774,2019-03-31,225.0,2019,3,31,3-31,2018-2019,151
775,2019-04-01,219.0,2019,4,1,4-1,2018-2019,152
776,2019-04-02,219.0,2019,4,2,4-2,2018-2019,153
777,2019-04-03,216.0,2019,4,3,4-3,2018-2019,154
778,2019-04-04,214.0,2019,4,4,4-4,2018-2019,155
779,2019-04-05,214.0,2019,4,5,4-5,2018-2019,156
780,2019-04-06,217.0,2019,4,6,4-6,2018-2019,157
781,2019-04-07,216.0,2019,4,7,4-7,2018-2019,158
782,2019-04-08,215.0,2019,4,8,4-8,2018-2019,159
783,2019-04-09,219.0,2019,4,9,4-9,2018-2019,160
784,2019-04-10,224.0,2019,4,10,4-10,2018-2019,161
785,2019-04-11,222.0,2019,4,11,4-11,2018-2019,162
786,2019-04-12,219.0,2019,4,12,4-12,2018-2019,163
787,2019-04-13,207.0,2019,4,13,4-13,2018-2019,164
788,2019-04-14,200.0,2019,4,14,4-14,2018-2019,165
789,2019-04-15,193.0,2019,4,15,4-15,2018-2019,166
790,2019-04-16,190.0,2019,4,16,4-16,2018-2019,167
791,2019-04-17,190.0,2019,4,17,4-17,2018-2019,168
792,2019-04-18,185.0,2019,4,18,4-18,2018-2019,169
793,2019-04-19,180.0,2019,4,19,4-19,2018-2019,170
794,2019-04-20,175.0,2019,4,20,4-20,2018-2019,171
795,2019-04-21,160.0,2019,4,21,4-21,2018-2019,172
796,2019-04-22,156.0,2019,4,22,4-22,2018-2019,173
797,2019-04-23,152.0,2019,4,23,4-23,2018-2019,174
798,2019-04-24,146.0,2019,4,24,4-24,2018-2019,175
799,2019-04-25,145.0,2019,4,25,4-25,2018-2019,176
800,2019-04-26,143.0,2019,4,26,4-26,2018-2019,177
801,2019-04-27,142.0,2019,4,27,4-27,2018-2019,178
802,2019-04-28,147.0,2019,4,28,4-28,2018-2019,179
803,2019-04-29,138.0,2019,4,29,4-29,2018-2019,180
804,2019-04-30,138.0,2019,4,30,4-30,2018-2019,181
805,2019-05-01,138.0,2019,5,1,5-1,2018-2019,182
806,2019-05-02,130.0,2019,5,2,5-2,2018-2019,183
807,2019-05-03,130.0,2019,5,3,5-3,2018-2019,184
808,2019-05-04,128.0,2019,5,4,5-4,2018-2019,185
809,2019-05-05,125.0,2019,5,5,5-5,2018-2019,186
810,2019-05-06,123.0,2019,5,6,5-6,2018-2019,187
811,2019-05-07,118.0,2019,5,7,5-7,2018-2019,188
812,2019-05-08,112.0,2019,5,8,5-8,2018-2019,189
813,2019-05-09,110.0,2019,5,9,5-9,2018-2019,190
814,2019-05-10,103.0,2019,5,10,5-10,2018-2019,191
815,2019-05-11,96.0,2019,5,11,5-11,2018-2019,192
816,2019-05-12,93.0,2019,5,12,5-12,2018-2019,193
817,2019-05-13,85.0,2019,5,13,5-13,2018-2019,194
818,2019-05-14,89.0,2019,5,14,5-14,2018-2019,195
819,2019-05-15,89.0,2019,5,15,5-15,2018-2019,196
820,2019-05-16,84.0,2019,5,16,5-16,2018-2019,197
821,2019-05-17,84.0,2019,5,17,5-17,2018-2019,198
822,2019-05-18,80.0,2019,5,18,5-18,2018-2019,199
823,2019-05-19,72.0,2019,5,19,5-19,2018-2019,200
824,2019-05-20,68.0,2019,5,20,5-20,2018-2019,201
825,2019-05-21,60.0,2019,5,21,5-21,2018-2019,202
826,2019-05-22,60.0,2019,5,22,5-22,2018-2019,203
827,2019-05-23,54.0,2019,5,23,5-23,2018-2019,204
828,2019-05-24,43.0,2019,5,24,5-24,2018-2019,205
829,2019-05-25,36.0,2019,5,25,5-25,2018-2019,206
830,2019-05-26,22.0,2019,5,26,5-26,2018-2019,207
831,2019-05-27,10.0,2019,5,27,5-27,2018-2019,208
832,2019-05-28,0.0,2019,5,28,5-28,2018-2019,209
833,2019-05-29,0.0,2019,5,29,5-29,2018-2019,210
834,2019-05-30,0.0,2019,5,30,5-30,2018-2019,211
835,2019-05-31,0.0,2019,5,31,5-31,2018-2019,212
836,2019-11-11,18.0,2019,11,11,11-11,2019-2020,11
837,2019-11-14,12.0,2019,11,14,11-14,2019-2020,14
838,2019-11-15,20.0,2019,11,15,11-15,2019-2020,15
839,2019-11-16,23.0,2019,11,16,11-16,2019-2020,16
840,2019-11-17,23.0,2019,11,17,11-17,2019-2020,17
841,2019-11-18,21.0,2019,11,18,11-18,2019-2020,18
842,2019-11-19,17.0,2019,11,19,11-19,2019-2020,19
843,2019-11-20,19.0,2019,11,20,11-20,2019-2020,20
844,2019-11-21,20.0,2019,11,21,11-21,2019-2020,21
845,2019-11-22,18.0,2019,11,22,11-22,2019-2020,22
846,2019-11-23,23.0,2019,11,23,11-23,2019-2020,23
847,2019-11-24,22.0,2019,11,24,11-24,2019-2020,24
848,2019-11-25,53.0,2019,11,25,11-25,2019-2020,25
849,2019-11-26,53.0,2019,11,26,11-26,2019-2020,26
850,2019-11-27,49.0,2019,11,27,11-27,2019-2020,27
851,2019-11-28,59.0,2019,11,28,11-28,2019-2020,28
852,2019-11-29,60.0,2019,11,29,11-29,2019-2020,29
853,2019-11-30,57.0,2019,11,30,11-30,2019-2020,30
854,2019-12-01,56.0,2019,12,1,12-1,2019-2020,31
855,2019-12-02,62.0,2019,12,2,12-2,2019-2020,32
856,2019-12-03,63.0,2019,12,3,12-3,2019-2020,33
857,2019-12-04,65.0,2019,12,4,12-4,2019-2020,34
858,2019-12-05,64.0,2019,12,5,12-5,2019-2020,35
859,2019-12-06,67.0,2019,12,6,12-6,2019-2020,36
860,2019-12-07,74.0,2019,12,7,12-7,2019-2020,37
861,2019-12-08,73.0,2019,12,8,12-8,2019-2020,38
862,2019-12-09,71.0,2019,12,9,12-9,2019-2020,39
863,2019-12-10,59.0,2019,12,10,12-10,2019-2020,40
864,2019-12-11,55.0,2019,12,11,12-11,2019-2020,41
865,2019-12-12,55.0,2019,12,12,12-12,2019-2020,42
866,2019-12-13,55.0,2019,12,13,12-13,2019-2020,43
867,2019-12-14,55.0,2019,12,14,12-14,2019-2020,44
868,2019-12-15,50.0,2019,12,15,12-15,2019-2020,45
869,2019-12-16,53.0,2019,12,16,12-16,2019-2020,46
870,2019-12-17,51.0,2019,12,17,12-17,2019-2020,47
871,2019-12-18,62.0,2019,12,18,12-18,2019-2020,48
872,2019-12-19,79.0,2019,12,19,12-19,2019-2020,49
873,2019-12-20,73.0,2019,12,20,12-20,2019-2020,50
874,2019-12-21,70.0,2019,12,21,12-21,2019-2020,51
875,2019-12-22,68.0,2019,12,22,12-22,2019-2020,52
876,2019-12-23,66.0,2019,12,23,12-23,2019-2020,53
877,2019-12-24,66.0,2019,12,24,12-24,2019-2020,54
878,2019-12-25,64.0,2019,12,25,12-25,2019-2020,55
879,2019-12-26,64.0,2019,12,26,12-26,2019-2020,56
880,2019-12-27,62.0,2019,12,27,12-27,2019-2020,57
881,2019-12-28,59.0,2019,12,28,12-28,2019-2020,58
882,2019-12-29,59.0,2019,12,29,12-29,2019-2020,59
883,2019-12-30,65.0,2019,12,30,12-30,2019-2020,60
884,2019-12-31,85.0,2019,12,31,12-31,2019-2020,61
885,2020-01-01,95.0,2020,1,1,1-1,2019-2020,61
886,2020-01-02,103.0,2020,1,2,1-2,2019-2020,62
887,2020-01-03,99.0,2020,1,3,1-3,2019-2020,63
888,2020-01-04,96.0,2020,1,4,1-4,2019-2020,64
889,2020-01-05,100.0,2020,1,5,1-5,2019-2020,65
890,2020-01-06,101.0,2020,1,6,1-6,2019-2020,66
891,2020-01-07,105.0,2020,1,7,1-7,2019-2020,67
892,2020-01-08,105.0,2020,1,8,1-8,2019-2020,68
893,2020-01-09,110.0,2020,1,9,1-9,2019-2020,69
894,2020-01-10,108.0,2020,1,10,1-10,2019-2020,70
895,2020-01-11,104.0,2020,1,11,1-11,2019-2020,71
896,2020-01-12,85.0,2020,1,12,1-12,2019-2020,72
897,2020-01-13,79.0,2020,1,13,1-13,2019-2020,73
898,2020-01-14,79.0,2020,1,14,1-14,2019-2020,74
899,2020-01-15,82.0,2020,1,15,1-15,2019-2020,75
900,2020-01-16,85.0,2020,1,16,1-16,2019-2020,76
901,2020-01-17,107.0,2020,1,17,1-17,2019-2020,77
902,2020-01-18,103.0,2020,1,18,1-18,2019-2020,78
903,2020-01-19,112.0,2020,1,19,1-19,2019-2020,79
904,2020-01-20,111.0,2020,1,20,1-20,2019-2020,80
905,2020-01-21,106.0,2020,1,21,1-21,2019-2020,81
906,2020-01-22,105.0,2020,1,22,1-22,2019-2020,82
907,2020-01-23,104.0,2020,1,23,1-23,2019-2020,83
908,2020-01-24,102.0,2020,1,24,1-24,2019-2020,84
909,2020-01-25,102.0,2020,1,25,1-25,2019-2020,85
910,2020-01-26,113.0,2020,1,26,1-26,2019-2020,86
911,2020-01-27,114.0,2020,1,27,1-27,2019-2020,87
912,2020-01-28,119.0,2020,1,28,1-28,2019-2020,88
913,2020-01-29,117.0,2020,1,29,1-29,2019-2020,89
914,2020-01-30,116.0,2020,1,30,1-30,2019-2020,90
915,2020-01-31,115.0,2020,1,31,1-31,2019-2020,91
916,2020-02-01,115.0,2020,2,1,2-1,2019-2020,92
917,2020-02-02,115.0,2020,2,2,2-2,2019-2020,93
918,2020-02-03,115.0,2020,2,3,2-3,2019-2020,94
919,2020-02-04,115.0,2020,2,4,2-4,2019-2020,95
920,2020-02-05,114.0,2020,2,5,2-5,2019-2020,96
921,2020-02-06,117.0,2020,2,6,2-6,2019-2020,97
922,2020-02-07,119.0,2020,2,7,2-7,2019-2020,98
923,2020-02-08,132.0,2020,2,8,2-8,2019-2020,99
924,2020-02-09,131.0,2020,2,9,2-9,2019-2020,100
925,2020-02-10,133.0,2020,2,10,2-10,2019-2020,101
926,2020-02-11,141.0,2020,2,11,2-11,2019-2020,102
927,2020-02-12,142.0,2020,2,12,2-12,2019-2020,103
928,2020-02-13,142.0,2020,2,13,2-13,2019-2020,104
929,2020-02-14,146.0,2020,2,14,2-14,2019-2020,105
930,2020-02-15,144.0,2020,2,15,2-15,2019-2020,106
931,2020-02-16,142.0,2020,2,16,2-16,2019-2020,107
932,2020-02-17,141.0,2020,2,17,2-17,2019-2020,108
933,2020-02-18,140.0,2020,2,18,2-18,2019-2020,109
934,2020-02-19,158.0,2020,2,19,2-19,2019-2020,110
935,2020-02-20,160.0,2020,2,20,2-20,2019-2020,111
936,2020-02-21,125.0,2020,2,21,2-21,2019-2020,112
937,2020-02-21,153.0,2020,2,21,2-21,2019-2020,112
938,2020-02-22,151.0,2020,2,22,2-22,2019-2020,113
939,2020-02-23,149.0,2020,2,23,2-23,2019-2020,114
940,2020-02-24,147.0,2020,2,24,2-24,2019-2020,115
941,2020-02-25,145.0,2020,2,25,2-25,2019-2020,116
942,2020-02-26,145.0,2020,2,26,2-26,2019-2020,117
943,2020-02-27,146.0,2020,2,27,2-27,2019-2020,118
944,2020-02-28,175.0,2020,2,28,2-28,2019-2020,119
945,2020-02-29,174.0,2020,2,29,2-29,2019-2020,120
946,2020-03-01,172.0,2020,3,1,3-1,2019-2020,121
947,2020-03-02,172.0,2020,3,2,3-2,2019-2020,122
948,2020-03-03,172.0,2020,3,3,3-3,2019-2020,123
949,2020-03-04,168.0,2020,3,4,3-4,2019-2020,124
950,2020-03-05,165.0,2020,3,5,3-5,2019-2020,125
951,2020-03-06,164.0,2020,3,6,3-6,2019-2020,126
952,2020-03-07,164.0,2020,3,7,3-7,2019-2020,127
953,2020-03-08,163.0,2020,3,8,3-8,2019-2020,128
954,2020-03-09,161.0,2020,3,9,3-9,2019-2020,129
955,2020-03-10,159.0,2020,3,10,3-10,2019-2020,130
956,2020-03-11,153.0,2020,3,11,3-11,2019-2020,131
957,2020-03-12,153.0,2020,3,12,3-12,2019-2020,132
958,2020-03-13,153.0,2020,3,13,3-13,2019-2020,133
959,2020-03-14,158.0,2020,3,14,3-14,2019-2020,134
960,2020-03-15,158.0,2020,3,15,3-15,2019-2020,135
961,2020-03-16,156.0,2020,3,16,3-16,2019-2020,136
962,2020-03-17,156.0,2020,3,17,3-17,2019-2020,137
963,2020-03-18,157.0,2020,3,18,3-18,2019-2020,138
964,2020-03-19,156.0,2020,3,19,3-19,2019-2020,139
965,2020-03-20,154.0,2020,3,20,3-20,2019-2020,140
966,2020-03-21,145.0,2020,3,21,3-21,2019-2020,141
967,2020-03-22,145.0,2020,3,22,3-22,2019-2020,142
968,2020-03-23,144.0,2020,3,23,3-23,2019-2020,143
969,2020-03-24,171.0,2020,3,24,3-24,2019-2020,144
970,2020-03-25,169.0,2020,3,25,3-25,2019-2020,145
971,2020-03-26,165.0,2020,3,26,3-26,2019-2020,146
972,2020-03-27,163.0,2020,3,27,3-27,2019-2020,147
973,2020-04-01,166.0,2020,4,1,4-1,2019-2020,152
974,2020-04-02,165.0,2020,4,2,4-2,2019-2020,153
975,2020-04-03,168.0,2020,4,3,4-3,2019-2020,154
976,2020-04-05,0.0,2020,4,5,4-5,2019-2020,156
977,2020-04-08,159.0,2020,4,8,4-8,2019-2020,159
978,2020-04-09,158.0,2020,4,9,4-9,2019-2020,160
979,2020-04-10,200.0,2020,4,10,4-10,2019-2020,161
980,2020-04-11,222.0,2020,4,11,4-11,2019-2020,162
981,2020-04-12,216.0,2020,4,12,4-12,2019-2020,163
982,2020-04-13,206.0,2020,4,13,4-13,2019-2020,164
983,2020-12-05,2.0,2020,12,5,12-5,2020-2021,35
984,2020-12-06,37.0,2020,12,6,12-6,2020-2021,36
985,2020-12-07,38.0,2020,12,7,12-7,2020-2021,37
986,2020-12-08,41.0,2020,12,8,12-8,2020-2021,38
987,2020-12-09,40.0,2020,12,9,12-9,2020-2021,39
988,2020-12-11,39.0,2020,12,11,12-11,2020-2021,41
989,2020-12-12,36.0,2020,12,12,12-12,2020-2021,42
990,2020-12-13,35.0,2020,12,13,12-13,2020-2021,43
991,2020-12-14,30.0,2020,12,14,12-14,2020-2021,44
992,2020-12-15,30.0,2020,12,15,12-15,2020-2021,45
993,2020-12-16,30.0,2020,12,16,12-16,2020-2021,46
994,2020-12-17,32.0,2020,12,17,12-17,2020-2021,47
995,2020-12-18,45.0,2020,12,18,12-18,2020-2021,48
996,2020-12-19,45.0,2020,12,19,12-19,2020-2021,49
997,2020-12-20,40.0,2020,12,20,12-20,2020-2021,50
998,2020-12-21,40.0,2020,12,21,12-21,2020-2021,51
999,2020-12-22,40.0,2020,12,22,12-22,2020-2021,52
1000,2020-12-23,45.0,2020,12,23,12-23,2020-2021,53
1001,2020-12-24,42.0,2020,12,24,12-24,2020-2021,54
1002,2020-12-25,32.0,2020,12,25,12-25,2020-2021,55
1003,2020-12-26,15.0,2020,12,26,12-26,2020-2021,56
1004,2022-12-11,10.0,2022,12,11,12-11,2022-2023,41
1005,2022-12-12,12.0,2022,12,12,12-12,2022-2023,42
1006,2022-12-13,12.0,2022,12,13,12-13,2022-2023,43
1007,2022-12-14,15.0,2022,12,14,12-14,2022-2023,44
1008,2022-12-15,14.0,2022,12,15,12-15,2022-2023,45
1009,2022-12-16,14.0,2022,12,16,12-16,2022-2023,46
1010,2022-12-17,55.0,2022,12,17,12-17,2022-2023,47
1011,2022-12-18,50.0,2022,12,18,12-18,2022-2023,48
1012,2022-12-19,50.0,2022,12,19,12-19,2022-2023,49
1013,2022-12-20,54.0,2022,12,20,12-20,2022-2023,50
1014,2022-12-21,45.0,2022,12,21,12-21,2022-2023,51
1015,2022-12-22,43.0,2022,12,22,12-22,2022-2023,52
1016,2022-12-23,58.0,2022,12,23,12-23,2022-2023,53
1017,2022-12-24,42.0,2022,12,24,12-24,2022-2023,54
1018,2022-12-25,42.0,2022,12,25,12-25,2022-2023,55
1019,2022-12-26,42.0,2022,12,26,12-26,2022-2023,56
1020,2022-12-27,42.0,2022,12,27,12-27,2022-2023,57
1021,2022-12-28,43.0,2022,12,28,12-28,2022-2023,58
1022,2022-12-29,17.0,2022,12,29,12-29,2022-2023,59
1023,2022-12-30,42.0,2022,12,30,12-30,2022-2023,60
1024,2022-12-31,35.0,2022,12,31,12-31,2022-2023,61
1025,2023-01-01,25.0,2023,1,1,1-1,2022-2023,62
1026,2023-01-02,51.0,2023,1,2,1-2,2022-2023,63
1027,2023-01-03,25.0,2023,1,3,1-3,2022-2023,64
1028,2023-01-04,0.0,2023,1,4,1-4,2022-2023,65
1029,2023-01-05,25.0,2023,1,5,1-5,2022-2023,66
1030,2023-01-06,25.0,2023,1,6,1-6,2022-2023,67
1031,2023-01-07,32.0,2023,1,7,1-7,2022-2023,68
1032,2023-01-08,35.0,2023,1,8,1-8,2022-2023,69
1033,2023-01-09,35.0,2023,1,9,1-9,2022-2023,70
1034,2023-01-10,36.0,2023,1,10,1-10,2022-2023,71
1035,2023-01-11,35.0,2023,1,11,1-11,2022-2023,72
1036,2023-01-12,35.0,2023,1,12,1-12,2022-2023,73
1037,2023-01-13,47.0,2023,1,13,1-13,2022-2023,74
1038,2023-01-15,40.0,2023,1,15,1-15,2022-2023,76
1039,2023-01-16,40.0,2023,1,16,1-16,2022-2023,77
1040,2023-01-16,40.0,2023,1,16,1-16,2022-2023,77
1041,2023-01-18,40.0,2023,1,18,1-18,2022-2023,79
1042,2023-01-19,1.0,2023,1,19,1-19,2022-2023,80
1043,2023-01-20,57.0,2023,1,20,1-20,2022-2023,81
1044,2023-01-21,64.0,2023,1,21,1-21,2022-2023,82
1045,2023-01-22,62.0,2023,1,22,1-22,2022-2023,83
1046,2023-01-23,68.0,2023,1,23,1-23,2022-2023,84
1047,2023-01-24,76.0,2023,1,24,1-24,2022-2023,85
1048,2023-01-25,74.0,2023,1,25,1-25,2022-2023,86
1049,2023-01-26,88.0,2023,1,26,1-26,2022-2023,87
1050,2023-01-27,87.0,2023,1,27,1-27,2022-2023,88
1051,2023-01-28,85.0,2023,1,28,1-28,2022-2023,89
1052,2023-01-29,84.0,2023,1,29,1-29,2022-2023,90
1053,2023-01-30,85.0,2023,1,30,1-30,2022-2023,91
1054,2023-01-31,98.0,2023,1,31,1-31,2022-2023,92
1055,2023-02-01,89.0,2023,2,1,2-1,2022-2023,93
1056,2023-02-02,86.0,2023,2,2,2-2,2022-2023,94
1057,2023-02-03,89.0,2023,2,3,2-3,2022-2023,95
1058,2023-02-04,86.0,2023,2,4,2-4,2022-2023,96
1059,2023-02-05,85.0,2023,2,5,2-5,2022-2023,97
1060,2023-02-06,85.0,2023,2,6,2-6,2022-2023,98
1061,2023-02-07,84.0,2023,2,7,2-7,2022-2023,99
1062,2023-02-08,86.0,2023,2,8,2-8,2022-2023,100
1063,2023-02-09,86.0,2023,2,9,2-9,2022-2023,101
1064,2023-02-10,87.0,2023,2,10,2-10,2022-2023,102
1065,2023-02-11,88.0,2023,2,11,2-11,2022-2023,103
1066,2023-02-12,87.0,2023,2,12,2-12,2022-2023,104
1067,2023-02-13,85.0,2023,2,13,2-13,2022-2023,105
1068,2023-02-14,88.0,2023,2,14,2-14,2022-2023,106
1069,2023-02-15,92.0,2023,2,15,2-15,2022-2023,107
1070,2023-02-16,86.0,2023,2,16,2-16,2022-2023,108
1071,2023-02-17,86.0,2023,2,17,2-17,2022-2023,109
1072,2023-02-18,83.0,2023,2,18,2-18,2022-2023,110
1073,2023-02-19,83.0,2023,2,19,2-19,2022-2023,111
1074,2023-02-20,83.0,2023,2,20,2-20,2022-2023,112
1075,2023-02-21,85.0,2023,2,21,2-21,2022-2023,113
1076,2023-02-22,88.0,2023,2,22,2-22,2022-2023,114
1077,2023-02-23,100.0,2023,2,23,2-23,2022-2023,115
1078,2023-02-24,107.0,2023,2,24,2-24,2022-2023,116
1079,2023-02-25,105.0,2023,2,25,2-25,2022-2023,117
1080,2023-02-26,105.0,2023,2,26,2-26,2022-2023,118
1081,2023-02-27,110.0,2023,2,27,2-27,2022-2023,119
1082,2023-02-28,111.0,2023,2,28,2-28,2022-2023,120
1083,2023-03-01,140.0,2023,3,1,3-1,2022-2023,121
1084,2023-03-02,132.0,2023,3,2,3-2,2022-2023,122
1085,2023-03-03,140.0,2023,3,3,3-3,2022-2023,123
1086,2023-03-04,154.0,2023,3,4,3-4,2022-2023,124
1087,2023-03-05,163.0,2023,3,5,3-5,2022-2023,125
1088,2023-03-06,160.0,2023,3,6,3-6,2022-2023,126
1089,2023-03-07,155.0,2023,3,7,3-7,2022-2023,127
1090,2023-03-08,154.0,2023,3,8,3-8,2022-2023,128
1091,2023-03-09,152.0,2023,3,9,3-9,2022-2023,129
1092,2023-03-10,148.0,2023,3,10,3-10,2022-2023,130
1093,2023-03-11,146.0,2023,3,11,3-11,2022-2023,131
1094,2023-03-12,144.0,2023,3,12,3-12,2022-2023,132
1095,2023-03-13,143.0,2023,3,13,3-13,2022-2023,133
1096,2023-03-14,155.0,2023,3,14,3-14,2022-2023,134
1097,2023-03-15,185.0,2023,3,15,3-15,2022-2023,135
1098,2023-03-16,180.0,2023,3,16,3-16,2022-2023,136
1099,2023-03-17,173.0,2023,3,17,3-17,2022-2023,137
1100,2023-03-18,169.0,2023,3,18,3-18,2022-2023,138
1101,2023-03-19,175.0,2023,3,19,3-19,2022-2023,139
1102,2023-03-20,168.0,2023,3,20,3-20,2022-2023,140
1103,2023-03-21,167.0,2023,3,21,3-21,2022-2023,141
1104,2023-03-22,164.0,2023,3,22,3-22,2022-2023,142
1105,2023-03-23,160.0,2023,3,23,3-23,2022-2023,143
1106,2023-03-24,155.0,2023,3,24,3-24,2022-2023,144
1107,2023-03-25,155.0,2023,3,25,3-25,2022-2023,145
1108,2023-03-26,162.0,2023,3,26,3-26,2022-2023,146
1109,2023-03-28,160.0,2023,3,28,3-28,2022-2023,148
1110,2023-03-29,158.0,2023,3,29,3-29,2022-2023,149
1111,2023-03-30,163.0,2023,3,30,3-30,2022-2023,150
1112,2023-03-31,162.0,2023,3,31,3-31,2022-2023,151
1113,2023-04-01,165.0,2023,4,1,4-1,2022-2023,152
1114,2023-04-02,157.0,2023,4,2,4-2,2022-2023,153
1115,2023-04-03,155.0,2023,4,3,4-3,2022-2023,154
1116,2023-04-04,155.0,2023,4,4,4-4,2022-2023,155
1117,2023-04-05,155.0,2023,4,5,4-5,2022-2023,156
1118,2023-04-06,149.0,2023,4,6,4-6,2022-2023,157
1119,2023-04-07,139.0,2023,4,7,4-7,2022-2023,158
1120,2023-04-08,138.0,2023,4,8,4-8,2022-2023,159
1121,2023-04-09,138.0,2023,4,9,4-9,2022-2023,160
1122,2023-04-10,135.0,2023,4,10,4-10,2022-2023,161
1123,2023-04-11,130.0,2023,4,11,4-11,2022-2023,162
1124,2023-04-12,125.0,2023,4,12,4-12,2022-2023,163
1125,2023-04-13,120.0,2023,4,13,4-13,2022-2023,164
1126,2023-04-14,110.0,2023,4,14,4-14,2022-2023,165
1127,2023-04-15,105.0,2023,4,15,4-15,2022-2023,166
1128,2023-04-16,103.0,2023,4,16,4-16,2022-2023,167
1129,2023-04-17,95.0,2023,4,17,4-17,2022-2023,168
1130,2023-04-18,86.0,2023,4,18,4-18,2022-2023,169
1131,2023-04-19,87.0,2023,4,19,4-19,2022-2023,170
1132,2023-04-20,87.0,2023,4,20,4-20,2022-2023,171
1133,2023-04-21,85.0,2023,4,21,4-21,2022-2023,172
1134,2023-04-22,87.0,2023,4,22,4-22,2022-2023,173
1135,2023-04-23,80.0,2023,4,23,4-23,2022-2023,174
1136,2023-04-24,90.0,2023,4,24,4-24,2022-2023,175
1137,2023-04-25,95.0,2023,4,25,4-25,2022-2023,176
1138,2023-04-26,100.0,2023,4,26,4-26,2022-2023,177
1139,2023-04-27,100.0,2023,4,27,4-27,2022-2023,178
1140,2023-04-28,95.0,2023,4,28,4-28,2022-2023,179
1141,2023-04-29,88.0,2023,4,29,4-29,2022-2023,180
1142,2023-04-30,88.0,2023,4,30,4-30,2022-2023,181
1143,2023-04-30,0.0,2023,4,30,4-30,2022-2023,181
1144,2023-05-03,94.0,2023,5,3,5-3,2022-2023,184
1145,2023-05-04,108.0,2023,5,4,5-4,2022-2023,185
1146,2023-05-05,104.0,2023,5,5,5-5,2022-2023,186
1147,2023-05-07,85.0,2023,5,7,5-7,2022-2023,188
1148,2023-05-08,86.0,2023,5,8,5-8,2022-2023,189
1149,2023-05-09,80.0,2023,5,9,5-9,2022-2023,190
1150,2023-05-10,72.0,2023,5,10,5-10,2022-2023,191
1151,2023-05-10,73.0,2023,5,10,5-10,2022-2023,191
1152,2023-05-12,65.0,2023,5,12,5-12,2022-2023,193
1153,2023-05-13,60.0,2023,5,13,5-13,2022-2023,194
1154,2023-05-14,53.0,2023,5,14,5-14,2022-2023,195
1155,2023-05-15,48.0,2023,5,15,5-15,2022-2023,196
1156,2023-05-16,40.0,2023,5,16,5-16,2022-2023,197
1157,2023-05-17,34.0,2023,5,17,5-17,2022-2023,198
1158,2023-05-18,34.0,2023,5,18,5-18,2022-2023,199
1159,2023-05-19,30.0,2023,5,19,5-19,2022-2023,200
1160,2023-05-20,20.0,2023,5,20,5-20,2022-2023,201
1161,2023-05-21,15.0,2023,5,21,5-21,2022-2023,202
1162,2023-05-22,10.0,2023,5,22,5-22,2022-2023,203
1163,2023-12-02,40.0,2023,12,2,12-2,2023-2024,32
1164,2023-12-03,38.0,2023,12,3,12-3,2023-2024,33
1165,2023-12-04,65.0,2023,12,4,12-4,2023-2024,34
1166,2023-12-05,68.0,2023,12,5,12-5,2023-2024,35
1167,2023-12-06,64.0,2023,12,6,12-6,2023-2024,36
1168,2023-12-07,61.0,2023,12,7,12-7,2023-2024,37
1169,2023-12-08,60.0,2023,12,8,12-8,2023-2024,38
1170,2023-12-09,57.0,2023,12,9,12-9,2023-2024,39
1171,2023-12-10,52.0,2023,12,10,12-10,2023-2024,40
1172,2023-12-11,37.0,2023,12,11,12-11,2023-2024,41
1173,2023-12-11,42.0,2023,12,11,12-11,2023-2024,41
1174,2023-12-13,43.0,2023,12,13,12-13,2023-2024,43
1175,2023-12-14,0.0,2023,12,14,12-14,2023-2024,44
1176,2023-12-14,49.0,2023,12,14,12-14,2023-2024,44
1177,2023-12-15,47.0,2023,12,15,12-15,2023-2024,45
1178,2023-12-16,45.0,2023,12,16,12-16,2023-2024,46
1179,2023-12-17,45.0,2023,12,17,12-17,2023-2024,47
1180,2023-12-18,37.0,2023,12,18,12-18,2023-2024,48
1181,2023-12-19,0.0,2023,12,19,12-19,2023-2024,49
1182,2023-12-20,0.0,2023,12,20,12-20,2023-2024,50
1183,2023-12-21,0.0,2023,12,21,12-21,2023-2024,51
1184,2023-12-23,0.0,2023,12,23,12-23,2023-2024,53
1185,2023-12-24,0.0,2023,12,24,12-24,2023-2024,54
1186,2023-12-25,0.0,2023,12,25,12-25,2023-2024,55
1187,2023-12-26,0.0,2023,12,26,12-26,2023-2024,56
1188,2023-12-27,0.0,2023,12,27,12-27,2023-2024,57
1189,2023-12-28,0.0,2023,12,28,12-28,2023-2024,58
1190,2023-12-29,0.0,2023,12,29,12-29,2023-2024,59
1191,2023-12-30,7.0,2023,12,30,12-30,2023-2024,60
1192,2023-12-31,8.0,2023,12,31,12-31,2023-2024,61
1193,2024-01-01,7.0,2024,1,1,1-1,2023-2024,61
1194,2024-01-02,6.0,2024,1,2,1-2,2023-2024,62
1195,2024-01-03,6.0,2024,1,3,1-3,2023-2024,63
1196,2024-01-04,5.0,2024,1,4,1-4,2023-2024,64
1197,2024-01-05,5.0,2024,1,5,1-5,2023-2024,65
1198,2024-01-06,7.0,2024,1,6,1-6,2023-2024,66
1199,2024-01-07,12.0,2024,1,7,1-7,2023-2024,67
1200,2024-01-08,20.0,2024,1,8,1-8,2023-2024,68
1201,2024-01-09,23.0,2024,1,9,1-9,2023-2024,69
1202,2024-01-10,65.0,2024,1,10,1-10,2023-2024,70
1203,2024-01-11,65.0,2024,1,11,1-11,2023-2024,71
1204,2024-01-12,65.0,2024,1,12,1-12,2023-2024,72
1205,2024-01-13,64.0,2024,1,13,1-13,2023-2024,73
1206,2024-01-14,78.0,2024,1,14,1-14,2023-2024,74
1207,2024-01-15,85.0,2024,1,15,1-15,2023-2024,75
1208,2024-01-16,83.0,2024,1,16,1-16,2023-2024,76
1209,2024-01-17,95.0,2024,1,17,1-17,2023-2024,77
1210,2024-01-18,93.0,2024,1,18,1-18,2023-2024,78
1211,2024-01-19,90.0,2024,1,19,1-19,2023-2024,79
1212,2024-01-20,90.0,2024,1,20,1-20,2023-2024,80
1213,2024-01-21,93.0,2024,1,21,1-21,2023-2024,81
1214,2024-01-22,89.0,2024,1,22,1-22,2023-2024,82
1215,2024-01-23,85.0,2024,1,23,1-23,2023-2024,83
1216,2024-01-24,85.0,2024,1,24,1-24,2023-2024,84
1217,2024-01-25,78.0,2024,1,25,1-25,2023-2024,85
1218,2024-01-26,79.0,2024,1,26,1-26,2023-2024,86
1219,2024-01-27,83.0,2024,1,27,1-27,2023-2024,87
1220,2024-01-28,83.0,2024,1,28,1-28,2023-2024,88
1221,2024-01-29,87.0,2024,1,29,1-29,2023-2024,89
1222,2024-01-30,85.0,2024,1,30,1-30,2023-2024,90
1223,2024-01-31,84.0,2024,1,31,1-31,2023-2024,91
1224,2024-02-01,83.0,2024,2,1,2-1,2023-2024,92
1225,2024-02-02,82.0,2024,2,2,2-2,2023-2024,93
1226,2024-02-03,83.0,2024,2,3,2-3,2023-2024,94
1227,2024-02-04,83.0,2024,2,4,2-4,2023-2024,95
1228,2024-02-05,81.0,2024,2,5,2-5,2023-2024,96
1229,2024-02-06,81.0,2024,2,6,2-6,2023-2024,97
1230,2024-02-07,81.0,2024,2,7,2-7,2023-2024,98
1231,2024-02-08,80.0,2024,2,8,2-8,2023-2024,99
1232,2024-02-09,75.0,2024,2,9,2-9,2023-2024,100
1233,2024-02-10,75.0,2024,2,10,2-10,2023-2024,101
1234,2024-02-11,75.0,2024,2,11,2-11,2023-2024,102
1235,2024-02-12,82.0,2024,2,12,2-12,2023-2024,103
1236,2024-02-13,78.0,2024,2,13,2-13,2023-2024,104
1237,2024-02-14,82.0,2024,2,14,2-14,2023-2024,105
1238,2024-02-15,85.0,2024,2,15,2-15,2023-2024,106
1239,2024-02-16,87.0,2024,2,16,2-16,2023-2024,107
1240,2024-02-17,90.0,2024,2,17,2-17,2023-2024,108
1241,2024-02-18,88.0,2024,2,18,2-18,2023-2024,109
1242,2024-02-19,85.0,2024,2,19,2-19,2023-2024,110
1243,2024-02-20,84.0,2024,2,20,2-20,2023-2024,111
1244,2024-02-21,85.0,2024,2,21,2-21,2023-2024,112
1245,2024-02-22,84.0,2024,2,22,2-22,2023-2024,113
1246,2024-02-23,85.0,2024,2,23,2-23,2023-2024,114
1247,2024-02-24,84.0,2024,2,24,2-24,2023-2024,115
1248,2024-02-25,84.0,2024,2,25,2-25,2023-2024,116
1249,2024-02-26,85.0,2024,2,26,2-26,2023-2024,117
1250,2024-02-27,83.0,2024,2,27,2-27,2023-2024,118
1251,2024-02-28,61.0,2024,2,28,2-28,2023-2024,119
1252,2024-02-29,66.0,2024,2,29,2-29,2023-2024,120
1253,2024-03-01,66.0,2024,3,1,3-1,2023-2024,121
1254,2024-03-02,66.0,2024,3,2,3-2,2023-2024,122
1255,2024-03-03,64.0,2024,3,3,3-3,2023-2024,123
1256,2024-03-04,62.0,2024,3,4,3-4,2023-2024,124
1257,2024-03-05,62.0,2024,3,5,3-5,2023-2024,125
1258,2024-03-06,62.0,2024,3,6,3-6,2023-2024,126
1259,2024-03-07,62.0,2024,3,7,3-7,2023-2024,127
1260,2024-03-08,62.0,2024,3,8,3-8,2023-2024,128
1261,2024-03-09,53.0,2024,3,9,3-9,2023-2024,129
1262,2024-03-10,53.0,2024,3,10,3-10,2023-2024,130
1263,2024-03-11,53.0,2024,3,11,3-11,2023-2024,131
1264,2024-03-12,53.0,2024,3,12,3-12,2023-2024,132
1265,2024-03-13,53.0,2024,3,13,3-13,2023-2024,133
1266,2024-03-14,53.0,2024,3,14,3-14,2023-2024,134
1267,2024-03-15,53.0,2024,3,15,3-15,2023-2024,135
1268,2024-03-16,53.0,2024,3,16,3-16,2023-2024,136
